respondent_id,loan_amount_000s,state_abbr,year
593C3GZG957YOJPS2Z63,405711,CA,2017
593C3GZG957YOJPS2Z63,1584405,CA,2017
593C3GZG957YOJPS2Z63,217952,CA,2017
593C3GZG957YOJPS2Z63,1063395,CA,2017
593C3GZG957YOJPS2Z63,252315,CA,2017
593C3GZG957YOJPS2Z63,459783,CA,2017
593C3GZG957YOJPS2Z63,1452713,CA,2017
593C3GZG957YOJPS2Z63,222579,CA,2017
593C3GZG957YOJPS2Z63,1759157,CA,2017
593C3GZG957YOJPS2Z63,548242,CA,2017
593C3GZG957YOJPS2Z63,474564,CA,2017
593C3GZG957YOJPS2Z63,835831,CA,2017
593C3GZG957YOJPS2Z63,836326,CA,2017
593C3GZG957YOJPS2Z63,410744,CA,2017
593C3GZG957YOJPS2Z63,1319160,CA,2017
593C3GZG957YOJPS2Z63,939052,CA,2017
593C3GZG957YOJPS2Z63,704474,CA,2017
593C3GZG957YOJPS2Z63,641377,CA,2017
593C3GZG957YOJPS2Z63,1049734,CA,2017
593C3GZG957YOJPS2Z63,774343,CA,2017
593C3GZG957YOJPS2Z63,470775,CA,2017
593C3GZG957YOJPS2Z63,845048,CA,2017
593C3GZG957YOJPS2Z63,987633,CA,2017
593C3GZG957YOJPS2Z63,1404229,CA,2017
593C3GZG957YOJPS2Z63,706745,CA,2017
593C3GZG957YOJPS2Z63,1110509,CA,2017
593C3GZG957YOJPS2Z63,1024425,CA,2017
593C3GZG957YOJPS2Z63,1056308,CA,2017
593C3GZG957YOJPS2Z63,954131,CA,2017
593C3GZG957YOJPS2Z63,432752,CA,2017
593C3GZG957YOJPS2Z63,530835,CA,2017
593C3GZG957YOJPS2Z63,632165,CA,2017
593C3GZG957YOJPS2Z63,1494686,CA,2017
593C3GZG957YOJPS2Z63,1019375,CA,2017
593C3GZG957YOJPS2Z63,1745999,CA,2017
593C3GZG957YOJPS2Z63,541170,CA,2017
593C3GZG957YOJPS2Z63,1519224,CA,2017
593C3GZG957YOJPS2Z63,656209,CA,2017
593C3GZG957YOJPS2Z63,330131,CA,2017
593C3GZG957YOJPS2Z63,1198387,CA,2017
593C3GZG957YOJPS2Z63,824115,CA,2017
593C3GZG957YOJPS2Z63,573998,CA,2017
593C3GZG957YOJPS2Z63,1894471,CA,2017
593C3GZG957YOJPS2Z63,1270720,CA,2017
593C3GZG957YOJPS2Z63,1332137,CA,2017
593C3GZG957YOJPS2Z63,1233241,CA,2017
593C3GZG957YOJPS2Z63,1530143,CA,2017
593C3GZG957YOJPS2Z63,1452224,CA,2017
593C3GZG957YOJPS2Z63,1663167,CA,2017
593C3GZG957YOJPS2Z63,1984874,CA,2017
593C3GZG957YOJPS2Z63,577428,CA,2017
593C3GZG957YOJPS2Z63,1798467,CA,2017
593C3GZG957YOJPS2Z63,1376414,CA,2017
593C3GZG957YOJPS2Z63,1422443,CA,2017
593C3GZG957YOJPS2Z63,537106,CA,2017
593C3GZG957YOJPS2Z63,510807,CA,2017
593C3GZG957YOJPS2Z63,1138364,CA,2017
593C3GZG957YOJPS2Z63,420290,CA,2017
593C3GZG957YOJPS2Z63,1109792,CA,2017
593C3GZG957YOJPS2Z63,1863236,CA,2017
593C3GZG957YOJPS2Z63,1220133,CA,2017
593C3GZG957YOJPS2Z63,1299654,CA,2017
593C3GZG957YOJPS2Z63,758920,CA,2017
593C3GZG957YOJPS2Z63,1108372,CA,2017
593C3GZG957YOJPS2Z63,1210289,CA,2017
593C3GZG957YOJPS2Z63,1769455,CA,2017
593C3GZG957YOJPS2Z63,1194020,CA,2017
593C3GZG957YOJPS2Z63,871689,CA,2017
593C3GZG957YOJPS2Z63,1143498,CA,2017
593C3GZG957YOJPS2Z63,670810,CA,2017
593C3GZG957YOJPS2Z63,1261759,CA,2017
593C3GZG957YOJPS2Z63,186904,CA,2017
593C3GZG957YOJPS2Z63,120737,CA,2017
593C3GZG957YOJPS2Z63,1670113,CA,2017
593C3GZG957YOJPS2Z63,784007,CA,2017
593C3GZG957YOJPS2Z63,816713,CA,2017
593C3GZG957YOJPS2Z63,454361,CA,2017
593C3GZG957YOJPS2Z63,1228739,CA,2017
593C3GZG957YOJPS2Z63,1422854,CA,2017
593C3GZG957YOJPS2Z63,1078039,CA,2017
593C3GZG957YOJPS2Z63,147883,CA,2017
593C3GZG957YOJPS2Z63,1910862,CA,2017
593C3GZG957YOJPS2Z63,1139442,CA,2017
593C3GZG957YOJPS2Z63,186107,CA,2017
593C3GZG957YOJPS2Z63,949792,CA,2017
593C3GZG957YOJPS2Z63,1855747,CA,2017
593C3GZG957YOJPS2Z63,1944789,CA,2017
593C3GZG957YOJPS2Z63,1561132,CA,2017
593C3GZG957YOJPS2Z63,1700121,CA,2017
593C3GZG957YOJPS2Z63,1558090,CA,2017
593C3GZG957YOJPS2Z63,636660,CA,2017
593C3GZG957YOJPS2Z63,497636,CA,2017
593C3GZG957YOJPS2Z63,1734943,CA,2017
593C3GZG957YOJPS2Z63,1359508,CA,2017
593C3GZG957YOJPS2Z63,858915,CA,2017
593C3GZG957YOJPS2Z63,883308,CA,2017
593C3GZG957YOJPS2Z63,1286660,CA,2017
593C3GZG957YOJPS2Z63,1420116,CA,2017
593C3GZG957YOJPS2Z63,1654408,CA,2017
593C3GZG957YOJPS2Z63,1414638,CA,2017
593C3GZG957YOJPS2Z63,109359,CA,2017
593C3GZG957YOJPS2Z63,478516,CA,2017
593C3GZG957YOJPS2Z63,1323907,CA,2017
593C3GZG957YOJPS2Z63,1294775,CA,2017
593C3GZG957YOJPS2Z63,602479,CA,2017
593C3GZG957YOJPS2Z63,201261,CA,2017
593C3GZG957YOJPS2Z63,1972245,CA,2017
593C3GZG957YOJPS2Z63,441845,CA,2017
593C3GZG957YOJPS2Z63,1419472,CA,2017
593C3GZG957YOJPS2Z63,208101,CA,2017
593C3GZG957YOJPS2Z63,1359689,CA,2017
593C3GZG957YOJPS2Z63,1613123,CA,2017
593C3GZG957YOJPS2Z63,412768,CA,2017
593C3GZG957YOJPS2Z63,1893119,CA,2017
593C3GZG957YOJPS2Z63,926565,CA,2017
593C3GZG957YOJPS2Z63,1766654,CA,2017
593C3GZG957YOJPS2Z63,1910688,CA,2017
593C3GZG957YOJPS2Z63,1334801,CA,2017
593C3GZG957YOJPS2Z63,333138,CA,2017
593C3GZG957YOJPS2Z63,1473476,CA,2017
593C3GZG957YOJPS2Z63,1797698,CA,2017
593C3GZG957YOJPS2Z63,1239504,CA,2017
593C3GZG957YOJPS2Z63,1754621,CA,2017
593C3GZG957YOJPS2Z63,1232931,CA,2017
593C3GZG957YOJPS2Z63,1772802,CA,2017
593C3GZG957YOJPS2Z63,1590474,CA,2017
593C3GZG957YOJPS2Z63,952941,CA,2017
593C3GZG957YOJPS2Z63,317456,CA,2017
593C3GZG957YOJPS2Z63,1617543,CA,2017
593C3GZG957YOJPS2Z63,124777,CA,2017
593C3GZG957YOJPS2Z63,638112,CA,2017
593C3GZG957YOJPS2Z63,1408554,CA,2017
593C3GZG957YOJPS2Z63,495634,CA,2017
593C3GZG957YOJPS2Z63,506059,CA,2017
593C3GZG957YOJPS2Z63,440922,CA,2017
593C3GZG957YOJPS2Z63,398367,CA,2017
593C3GZG957YOJPS2Z63,1138359,CA,2017
593C3GZG957YOJPS2Z63,1924443,CA,2017
593C3GZG957YOJPS2Z63,423714,CA,2017
593C3GZG957YOJPS2Z63,892953,CA,2017
593C3GZG957YOJPS2Z63,581378,CA,2017
593C3GZG957YOJPS2Z63,550110,CA,2017
593C3GZG957YOJPS2Z63,961091,CA,2017
593C3GZG957YOJPS2Z63,1245566,CA,2017
593C3GZG957YOJPS2Z63,884507,CA,2017
593C3GZG957YOJPS2Z63,208483,CA,2017
593C3GZG957YOJPS2Z63,483570,CA,2017
593C3GZG957YOJPS2Z63,1162830,CA,2017
593C3GZG957YOJPS2Z63,938371,CA,2017
593C3GZG957YOJPS2Z63,1631028,CA,2017
593C3GZG957YOJPS2Z63,1185649,CA,2017
593C3GZG957YOJPS2Z63,872658,CA,2017
593C3GZG957YOJPS2Z63,1383483,CA,2017
593C3GZG957YOJPS2Z63,1040814,CA,2017
593C3GZG957YOJPS2Z63,918217,CA,2017
593C3GZG957YOJPS2Z63,1213146,CA,2017
593C3GZG957YOJPS2Z63,1229153,CA,2017
593C3GZG957YOJPS2Z63,549572,CA,2017
593C3GZG957YOJPS2Z63,516522,CA,2017
593C3GZG957YOJPS2Z63,1709814,CA,2017
593C3GZG957YOJPS2Z63,1000139,CA,2017
593C3GZG957YOJPS2Z63,440840,CA,2017
593C3GZG957YOJPS2Z63,1896107,CA,2017
593C3GZG957YOJPS2Z63,344482,CA,2017
593C3GZG957YOJPS2Z63,965360,CA,2017
593C3GZG957YOJPS2Z63,179904,CA,2017
593C3GZG957YOJPS2Z63,432982,CA,2017
593C3GZG957YOJPS2Z63,1575712,CA,2017
593C3GZG957YOJPS2Z63,451014,CA,2017
593C3GZG957YOJPS2Z63,468915,CA,2017
593C3GZG957YOJPS2Z63,1645390,CA,2017
593C3GZG957YOJPS2Z63,474314,CA,2017
593C3GZG957YOJPS2Z63,474131,CA,2017
593C3GZG957YOJPS2Z63,478040,CA,2017
593C3GZG957YOJPS2Z63,1773660,CA,2017
593C3GZG957YOJPS2Z63,1503368,CA,2017
593C3GZG957YOJPS2Z63,869613,CA,2017
593C3GZG957YOJPS2Z63,1392574,CA,2017
593C3GZG957YOJPS2Z63,452893,CA,2017
593C3GZG957YOJPS2Z63,1313186,CA,2017
593C3GZG957YOJPS2Z63,632574,CA,2017
593C3GZG957YOJPS2Z63,1520514,CA,2017
593C3GZG957YOJPS2Z63,1777163,CA,2017
593C3GZG957YOJPS2Z63,1278893,CA,2017
593C3GZG957YOJPS2Z63,884240,CA,2017
593C3GZG957YOJPS2Z63,1036232,CA,2017
593C3GZG957YOJPS2Z63,1162216,CA,2017
593C3GZG957YOJPS2Z63,538879,CA,2017
593C3GZG957YOJPS2Z63,1152488,CA,2017
593C3GZG957YOJPS2Z63,281658,CA,2017
593C3GZG957YOJPS2Z63,1170328,CA,2017
593C3GZG957YOJPS2Z63,1926996,CA,2017
593C3GZG957YOJPS2Z63,1994723,CA,2017
593C3GZG957YOJPS2Z63,582284,CA,2017
593C3GZG957YOJPS2Z63,1680861,CA,2017
593C3GZG957YOJPS2Z63,1594798,CA,2017
593C3GZG957YOJPS2Z63,1033124,CA,2017
593C3GZG957YOJPS2Z63,337507,CA,2017
593C3GZG957YOJPS2Z63,1218957,CA,2017
593C3GZG957YOJPS2Z63,416412,CA,2017
593C3GZG957YOJPS2Z63,1913078,CA,2017
593C3GZG957YOJPS2Z63,1479789,CA,2017
593C3GZG957YOJPS2Z63,954905,CA,2017
593C3GZG957YOJPS2Z63,191757,CA,2017
593C3GZG957YOJPS2Z63,727531,CA,2017
593C3GZG957YOJPS2Z63,1147224,CA,2017
593C3GZG957YOJPS2Z63,1322160,CA,2017
593C3GZG957YOJPS2Z63,1037112,CA,2017
593C3GZG957YOJPS2Z63,1088061,CA,2017
593C3GZG957YOJPS2Z63,1765173,CA,2017
593C3GZG957YOJPS2Z63,461582,CA,2017
593C3GZG957YOJPS2Z63,739001,CA,2017
593C3GZG957YOJPS2Z63,470128,CA,2017
593C3GZG957YOJPS2Z63,772700,CA,2017
593C3GZG957YOJPS2Z63,101913,CA,2017
593C3GZG957YOJPS2Z63,1593878,CA,2017
593C3GZG957YOJPS2Z63,113429,CA,2017
593C3GZG957YOJPS2Z63,224349,CA,2017
593C3GZG957YOJPS2Z63,376051,CA,2017
593C3GZG957YOJPS2Z63,1970497,CA,2017
593C3GZG957YOJPS2Z63,1551880,CA,2017
593C3GZG957YOJPS2Z63,215616,CA,2017
593C3GZG957YOJPS2Z63,770948,CA,2017
593C3GZG957YOJPS2Z63,1973403,CA,2017
593C3GZG957YOJPS2Z63,1208731,CA,2017
593C3GZG957YOJPS2Z63,745241,CA,2017
593C3GZG957YOJPS2Z63,1842150,CA,2017
593C3GZG957YOJPS2Z63,1411189,CA,2017
593C3GZG957YOJPS2Z63,1191871,CA,2017
593C3GZG957YOJPS2Z63,174253,CA,2017
593C3GZG957YOJPS2Z63,1789415,CA,2017
593C3GZG957YOJPS2Z63,265560,CA,2017
593C3GZG957YOJPS2Z63,793400,CA,2017
593C3GZG957YOJPS2Z63,1558767,CA,2017
593C3GZG957YOJPS2Z63,728777,CA,2017
593C3GZG957YOJPS2Z63,348082,CA,2017
593C3GZG957YOJPS2Z63,246984,CA,2017
593C3GZG957YOJPS2Z63,1045590,CA,2017
593C3GZG957YOJPS2Z63,1492847,CA,2017
593C3GZG957YOJPS2Z63,1950123,CA,2017
593C3GZG957YOJPS2Z63,481094,CA,2017
593C3GZG957YOJPS2Z63,704271,CA,2017
593C3GZG957YOJPS2Z63,283645,CA,2017
593C3GZG957YOJPS2Z63,325273,CA,2017
593C3GZG957YOJPS2Z63,351009,CA,2017
593C3GZG957YOJPS2Z63,557439,CA,2017
593C3GZG957YOJPS2Z63,1912342,CA,2017
593C3GZG957YOJPS2Z63,1683916,CA,2017
593C3GZG957YOJPS2Z63,1009528,CA,2017
593C3GZG957YOJPS2Z63,1164317,CA,2017
593C3GZG957YOJPS2Z63,943800,CA,2017
593C3GZG957YOJPS2Z63,1242851,CA,2017
593C3GZG957YOJPS2Z63,406130,CA,2017
593C3GZG957YOJPS2Z63,367247,CA,2017
593C3GZG957YOJPS2Z63,746915,CA,2017
593C3GZG957YOJPS2Z63,1707914,CA,2017
593C3GZG957YOJPS2Z63,494956,CA,2017
593C3GZG957YOJPS2Z63,1465990,CA,2017
593C3GZG957YOJPS2Z63,767939,CA,2017
593C3GZG957YOJPS2Z63,1482102,CA,2017
593C3GZG957YOJPS2Z63,473758,CA,2017
593C3GZG957YOJPS2Z63,278877,CA,2017
593C3GZG957YOJPS2Z63,1824101,CA,2017
593C3GZG957YOJPS2Z63,1282423,CA,2017
593C3GZG957YOJPS2Z63,839883,CA,2017
593C3GZG957YOJPS2Z63,655040,CA,2017
593C3GZG957YOJPS2Z63,310536,CA,2017
593C3GZG957YOJPS2Z63,1220468,CA,2017
593C3GZG957YOJPS2Z63,1706794,CA,2017
593C3GZG957YOJPS2Z63,146774,CA,2017
593C3GZG957YOJPS2Z63,1439371,CA,2017
593C3GZG957YOJPS2Z63,1473605,CA,2017
593C3GZG957YOJPS2Z63,247069,CA,2017
593C3GZG957YOJPS2Z63,1606972,CA,2017
593C3GZG957YOJPS2Z63,1747362,CA,2017
593C3GZG957YOJPS2Z63,163003,CA,2017
593C3GZG957YOJPS2Z63,1496691,CA,2017
593C3GZG957YOJPS2Z63,1575801,CA,2017
593C3GZG957YOJPS2Z63,1323319,CA,2017
593C3GZG957YOJPS2Z63,1141205,CA,2017
593C3GZG957YOJPS2Z63,1611731,CA,2017
593C3GZG957YOJPS2Z63,904014,CA,2017
593C3GZG957YOJPS2Z63,916276,CA,2017
593C3GZG957YOJPS2Z63,1233493,CA,2017
593C3GZG957YOJPS2Z63,1187005,CA,2017
593C3GZG957YOJPS2Z63,1492195,CA,2017
593C3GZG957YOJPS2Z63,182727,CA,2017
593C3GZG957YOJPS2Z63,1471529,CA,2017
593C3GZG957YOJPS2Z63,757481,CA,2017
593C3GZG957YOJPS2Z63,800713,CA,2017
593C3GZG957YOJPS2Z63,1147447,CA,2017
593C3GZG957YOJPS2Z63,1893923,CA,2017
593C3GZG957YOJPS2Z63,759246,CA,2017
593C3GZG957YOJPS2Z63,1714554,CA,2017
593C3GZG957YOJPS2Z63,1367634,CA,2017
593C3GZG957YOJPS2Z63,836108,CA,2017
593C3GZG957YOJPS2Z63,1224099,CA,2017
593C3GZG957YOJPS2Z63,1920447,CA,2017
593C3GZG957YOJPS2Z63,213417,CA,2017
593C3GZG957YOJPS2Z63,1537066,CA,2017
593C3GZG957YOJPS2Z63,1275067,CA,2017
593C3GZG957YOJPS2Z63,1230695,CA,2017
593C3GZG957YOJPS2Z63,592967,CA,2017
593C3GZG957YOJPS2Z63,1284829,CA,2017
593C3GZG957YOJPS2Z63,143349,CA,2017
593C3GZG957YOJPS2Z63,1143500,CA,2017
593C3GZG957YOJPS2Z63,307650,CA,2017
593C3GZG957YOJPS2Z63,273986,CA,2017
593C3GZG957YOJPS2Z63,1350392,CA,2017
593C3GZG957YOJPS2Z63,696001,CA,2017
593C3GZG957YOJPS2Z63,606501,CA,2017
593C3GZG957YOJPS2Z63,1343368,CA,2017
593C3GZG957YOJPS2Z63,1350047,CA,2017
593C3GZG957YOJPS2Z63,478624,CA,2017
593C3GZG957YOJPS2Z63,1133675,CA,2017
593C3GZG957YOJPS2Z63,409538,CA,2017
593C3GZG957YOJPS2Z63,1353573,CA,2017
593C3GZG957YOJPS2Z63,363038,CA,2017
593C3GZG957YOJPS2Z63,687701,CA,2017
593C3GZG957YOJPS2Z63,1268638,CA,2017
593C3GZG957YOJPS2Z63,1590000,CA,2017
593C3GZG957YOJPS2Z63,1571934,CA,2017
593C3GZG957YOJPS2Z63,1443624,CA,2017
593C3GZG957YOJPS2Z63,532257,CA,2017
593C3GZG957YOJPS2Z63,1994609,CA,2017
593C3GZG957YOJPS2Z63,715792,CA,2017
593C3GZG957YOJPS2Z63,212931,CA,2017
593C3GZG957YOJPS2Z63,1752088,CA,2017
593C3GZG957YOJPS2Z63,431099,CA,2017
593C3GZG957YOJPS2Z63,444232,CA,2017
593C3GZG957YOJPS2Z63,1678868,CA,2017
593C3GZG957YOJPS2Z63,528836,CA,2017
593C3GZG957YOJPS2Z63,997200,CA,2017
593C3GZG957YOJPS2Z63,666809,CA,2017
593C3GZG957YOJPS2Z63,841699,CA,2017
593C3GZG957YOJPS2Z63,943623,CA,2017
593C3GZG957YOJPS2Z63,1730716,CA,2017
593C3GZG957YOJPS2Z63,201490,CA,2017
593C3GZG957YOJPS2Z63,384446,CA,2017
593C3GZG957YOJPS2Z63,1628861,CA,2017
593C3GZG957YOJPS2Z63,707985,CA,2017
593C3GZG957YOJPS2Z63,676801,CA,2017
593C3GZG957YOJPS2Z63,1910578,CA,2017
593C3GZG957YOJPS2Z63,285617,CA,2017
593C3GZG957YOJPS2Z63,1267581,CA,2017
593C3GZG957YOJPS2Z63,1693853,CA,2017
593C3GZG957YOJPS2Z63,1282210,CA,2017
593C3GZG957YOJPS2Z63,777957,CA,2017
593C3GZG957YOJPS2Z63,256556,CA,2017
593C3GZG957YOJPS2Z63,1120460,CA,2017
593C3GZG957YOJPS2Z63,1358357,CA,2017
593C3GZG957YOJPS2Z63,1063906,CA,2017
593C3GZG957YOJPS2Z63,193807,CA,2017
593C3GZG957YOJPS2Z63,1662715,CA,2017
593C3GZG957YOJPS2Z63,1684469,CA,2017
593C3GZG957YOJPS2Z63,1537223,CA,2017
593C3GZG957YOJPS2Z63,1869419,CA,2017
593C3GZG957YOJPS2Z63,1242422,CA,2017
593C3GZG957YOJPS2Z63,1537086,CA,2017
593C3GZG957YOJPS2Z63,292145,CA,2017
593C3GZG957YOJPS2Z63,1270118,CA,2017
593C3GZG957YOJPS2Z63,723559,CA,2017
593C3GZG957YOJPS2Z63,333746,CA,2017
593C3GZG957YOJPS2Z63,1518076,CA,2017
593C3GZG957YOJPS2Z63,1433291,CA,2017
593C3GZG957YOJPS2Z63,1837137,CA,2017
593C3GZG957YOJPS2Z63,178633,CA,2017
593C3GZG957YOJPS2Z63,1236733,CA,2017
593C3GZG957YOJPS2Z63,621390,CA,2017
593C3GZG957YOJPS2Z63,1625141,CA,2017
593C3GZG957YOJPS2Z63,882537,CA,2017
593C3GZG957YOJPS2Z63,931321,CA,2017
593C3GZG957YOJPS2Z63,446610,CA,2017
593C3GZG957YOJPS2Z63,458880,CA,2017
593C3GZG957YOJPS2Z63,1490555,CA,2017
593C3GZG957YOJPS2Z63,578748,CA,2017
593C3GZG957YOJPS2Z63,902795,CA,2017
593C3GZG957YOJPS2Z63,1566577,CA,2017
593C3GZG957YOJPS2Z63,549129,CA,2017
593C3GZG957YOJPS2Z63,1211994,CA,2017
593C3GZG957YOJPS2Z63,529952,CA,2017
593C3GZG957YOJPS2Z63,821936,CA,2017
593C3GZG957YOJPS2Z63,696074,CA,2017
593C3GZG957YOJPS2Z63,157508,CA,2017
593C3GZG957YOJPS2Z63,715006,CA,2017
593C3GZG957YOJPS2Z63,1025208,CA,2017
593C3GZG957YOJPS2Z63,434452,CA,2017
593C3GZG957YOJPS2Z63,1121119,CA,2017
593C3GZG957YOJPS2Z63,928611,CA,2017
593C3GZG957YOJPS2Z63,650195,CA,2017
593C3GZG957YOJPS2Z63,800552,CA,2017
593C3GZG957YOJPS2Z63,1288792,CA,2017
593C3GZG957YOJPS2Z63,1931771,CA,2017
593C3GZG957YOJPS2Z63,872846,CA,2017
593C3GZG957YOJPS2Z63,424695,CA,2017
593C3GZG957YOJPS2Z63,337728,CA,2017
593C3GZG957YOJPS2Z63,495411,CA,2017
593C3GZG957YOJPS2Z63,1546472,CA,2017
593C3GZG957YOJPS2Z63,548967,CA,2017
593C3GZG957YOJPS2Z63,781047,CA,2017
593C3GZG957YOJPS2Z63,938669,CA,2017
593C3GZG957YOJPS2Z63,459738,CA,2017
593C3GZG957YOJPS2Z63,482545,CA,2017
593C3GZG957YOJPS2Z63,924440,CA,2017
593C3GZG957YOJPS2Z63,765460,CA,2017
593C3GZG957YOJPS2Z63,422487,CA,2017
593C3GZG957YOJPS2Z63,143723,CA,2017
593C3GZG957YOJPS2Z63,854396,CA,2017
593C3GZG957YOJPS2Z63,809540,CA,2017
593C3GZG957YOJPS2Z63,550841,CA,2017
593C3GZG957YOJPS2Z63,1980864,CA,2017
593C3GZG957YOJPS2Z63,1762378,CA,2017
593C3GZG957YOJPS2Z63,1881518,CA,2017
593C3GZG957YOJPS2Z63,252022,CA,2017
593C3GZG957YOJPS2Z63,1027004,CA,2017
593C3GZG957YOJPS2Z63,1909684,CA,2017
593C3GZG957YOJPS2Z63,1902194,CA,2017
593C3GZG957YOJPS2Z63,676836,CA,2017
593C3GZG957YOJPS2Z63,408758,CA,2017
593C3GZG957YOJPS2Z63,1268611,CA,2017
593C3GZG957YOJPS2Z63,778778,CA,2017
593C3GZG957YOJPS2Z63,1984755,CA,2017
593C3GZG957YOJPS2Z63,1706279,CA,2017
593C3GZG957YOJPS2Z63,1685096,CA,2017
593C3GZG957YOJPS2Z63,729389,CA,2017
593C3GZG957YOJPS2Z63,1252517,CA,2017
593C3GZG957YOJPS2Z63,944032,CA,2017
593C3GZG957YOJPS2Z63,258856,CA,2017
593C3GZG957YOJPS2Z63,1323887,CA,2017
593C3GZG957YOJPS2Z63,1917039,CA,2017
593C3GZG957YOJPS2Z63,1640021,CA,2017
593C3GZG957YOJPS2Z63,469668,CA,2017
593C3GZG957YOJPS2Z63,139335,CA,2017
593C3GZG957YOJPS2Z63,1579004,CA,2017
593C3GZG957YOJPS2Z63,283213,CA,2017
593C3GZG957YOJPS2Z63,1342394,CA,2017
593C3GZG957YOJPS2Z63,264426,CA,2017
593C3GZG957YOJPS2Z63,1097172,CA,2017
593C3GZG957YOJPS2Z63,547470,CA,2017
593C3GZG957YOJPS2Z63,369745,CA,2017
593C3GZG957YOJPS2Z63,1700731,CA,2017
593C3GZG957YOJPS2Z63,373203,CA,2017
593C3GZG957YOJPS2Z63,1214851,CA,2017
593C3GZG957YOJPS2Z63,514482,CA,2017
593C3GZG957YOJPS2Z63,848917,CA,2017
593C3GZG957YOJPS2Z63,1285058,CA,2017
593C3GZG957YOJPS2Z63,1459411,CA,2017
593C3GZG957YOJPS2Z63,1852734,CA,2017
593C3GZG957YOJPS2Z63,1230933,CA,2017
593C3GZG957YOJPS2Z63,1480154,CA,2017
593C3GZG957YOJPS2Z63,718411,CA,2017
593C3GZG957YOJPS2Z63,1822167,CA,2017
593C3GZG957YOJPS2Z63,109724,CA,2017
593C3GZG957YOJPS2Z63,871068,CA,2017
593C3GZG957YOJPS2Z63,909746,CA,2017
593C3GZG957YOJPS2Z63,1870413,CA,2017
593C3GZG957YOJPS2Z63,651767,CA,2017
593C3GZG957YOJPS2Z63,1435745,CA,2017
593C3GZG957YOJPS2Z63,1815526,CA,2017
593C3GZG957YOJPS2Z63,810122,CA,2017
593C3GZG957YOJPS2Z63,1880789,CA,2017
593C3GZG957YOJPS2Z63,1092048,CA,2017
593C3GZG957YOJPS2Z63,1966846,CA,2017
593C3GZG957YOJPS2Z63,1167067,CA,2017
593C3GZG957YOJPS2Z63,114672,CA,2017
593C3GZG957YOJPS2Z63,978234,CA,2017
593C3GZG957YOJPS2Z63,195868,CA,2017
593C3GZG957YOJPS2Z63,841539,CA,2017
593C3GZG957YOJPS2Z63,767194,CA,2017
593C3GZG957YOJPS2Z63,1362513,CA,2017
593C3GZG957YOJPS2Z63,555786,CA,2017
593C3GZG957YOJPS2Z63,173929,CA,2017
593C3GZG957YOJPS2Z63,943052,CA,2017
593C3GZG957YOJPS2Z63,314797,CA,2017
593C3GZG957YOJPS2Z63,1458713,CA,2017
593C3GZG957YOJPS2Z63,1517766,CA,2017
593C3GZG957YOJPS2Z63,230061,CA,2017
593C3GZG957YOJPS2Z63,1688216,CA,2017
593C3GZG957YOJPS2Z63,900729,CA,2017
593C3GZG957YOJPS2Z63,1285544,CA,2017
593C3GZG957YOJPS2Z63,1684867,CA,2017
593C3GZG957YOJPS2Z63,1958769,CA,2017
593C3GZG957YOJPS2Z63,273511,CA,2017
593C3GZG957YOJPS2Z63,229492,CA,2017
593C3GZG957YOJPS2Z63,1252473,CA,2017
593C3GZG957YOJPS2Z63,706146,CA,2017
593C3GZG957YOJPS2Z63,720092,CA,2017
593C3GZG957YOJPS2Z63,489520,CA,2017
593C3GZG957YOJPS2Z63,1200856,CA,2017
593C3GZG957YOJPS2Z63,529805,CA,2017
593C3GZG957YOJPS2Z63,446775,CA,2017
593C3GZG957YOJPS2Z63,1084068,CA,2017
593C3GZG957YOJPS2Z63,1708292,CA,2017
593C3GZG957YOJPS2Z63,1473164,CA,2017
593C3GZG957YOJPS2Z63,430033,CA,2017
593C3GZG957YOJPS2Z63,323575,CA,2017
593C3GZG957YOJPS2Z63,1236158,CA,2017
593C3GZG957YOJPS2Z63,500950,CA,2017
593C3GZG957YOJPS2Z63,321337,CA,2017
593C3GZG957YOJPS2Z63,1439156,CA,2017
593C3GZG957YOJPS2Z63,1434625,CA,2017
593C3GZG957YOJPS2Z63,126981,CA,2017
593C3GZG957YOJPS2Z63,962905,CA,2017
593C3GZG957YOJPS2Z63,1718327,CA,2017
593C3GZG957YOJPS2Z63,328763,CA,2017
593C3GZG957YOJPS2Z63,690877,CA,2017
593C3GZG957YOJPS2Z63,381505,CA,2017
593C3GZG957YOJPS2Z63,121875,CA,2017
593C3GZG957YOJPS2Z63,923093,CA,2017
593C3GZG957YOJPS2Z63,758039,CA,2017
593C3GZG957YOJPS2Z63,1749587,CA,2017
593C3GZG957YOJPS2Z63,825846,CA,2017
593C3GZG957YOJPS2Z63,1573014,CA,2017
593C3GZG957YOJPS2Z63,751271,CA,2017
593C3GZG957YOJPS2Z63,1478921,CA,2017
593C3GZG957YOJPS2Z63,709265,CA,2017
593C3GZG957YOJPS2Z63,1441577,CA,2017
593C3GZG957YOJPS2Z63,1974614,CA,2017
593C3GZG957YOJPS2Z63,1906208,CA,2017
593C3GZG957YOJPS2Z63,1542643,CA,2017
593C3GZG957YOJPS2Z63,879640,CA,2017
593C3GZG957YOJPS2Z63,105028,CA,2017
593C3GZG957YOJPS2Z63,1561969,CA,2017
593C3GZG957YOJPS2Z63,1795605,CA,2017
593C3GZG957YOJPS2Z63,1188496,CA,2017
593C3GZG957YOJPS2Z63,480163,CA,2017
593C3GZG957YOJPS2Z63,321310,CA,2017
593C3GZG957YOJPS2Z63,941514,CA,2017
593C3GZG957YOJPS2Z63,1091809,CA,2017
593C3GZG957YOJPS2Z63,908468,CA,2017
593C3GZG957YOJPS2Z63,1640900,CA,2017
593C3GZG957YOJPS2Z63,1711076,CA,2017
593C3GZG957YOJPS2Z63,1659504,CA,2017
593C3GZG957YOJPS2Z63,1230608,CA,2017
593C3GZG957YOJPS2Z63,1576527,CA,2017
593C3GZG957YOJPS2Z63,1755434,CA,2017
593C3GZG957YOJPS2Z63,1382285,CA,2017
593C3GZG957YOJPS2Z63,1412104,CA,2017
593C3GZG957YOJPS2Z63,1129086,CA,2017
593C3GZG957YOJPS2Z63,622075,CA,2017
593C3GZG957YOJPS2Z63,1752267,CA,2017
593C3GZG957YOJPS2Z63,689887,CA,2017
593C3GZG957YOJPS2Z63,464447,CA,2017
593C3GZG957YOJPS2Z63,300596,CA,2017
593C3GZG957YOJPS2Z63,413798,CA,2017
593C3GZG957YOJPS2Z63,162729,CA,2017
593C3GZG957YOJPS2Z63,1463388,CA,2017
593C3GZG957YOJPS2Z63,1390843,CA,2017
593C3GZG957YOJPS2Z63,1954063,CA,2017
593C3GZG957YOJPS2Z63,801859,CA,2017
593C3GZG957YOJPS2Z63,593907,CA,2017
593C3GZG957YOJPS2Z63,978412,CA,2017
593C3GZG957YOJPS2Z63,1104818,CA,2017
593C3GZG957YOJPS2Z63,136209,CA,2017
593C3GZG957YOJPS2Z63,1287658,CA,2017
593C3GZG957YOJPS2Z63,946050,CA,2017
593C3GZG957YOJPS2Z63,1227649,CA,2017
593C3GZG957YOJPS2Z63,413259,CA,2017
593C3GZG957YOJPS2Z63,1744163,CA,2017
593C3GZG957YOJPS2Z63,304004,CA,2017
593C3GZG957YOJPS2Z63,1906138,CA,2017
593C3GZG957YOJPS2Z63,677409,CA,2017
593C3GZG957YOJPS2Z63,1163281,CA,2017
593C3GZG957YOJPS2Z63,811808,CA,2017
593C3GZG957YOJPS2Z63,842183,CA,2017
593C3GZG957YOJPS2Z63,1669816,CA,2017
593C3GZG957YOJPS2Z63,1173850,CA,2017
593C3GZG957YOJPS2Z63,182212,CA,2017
593C3GZG957YOJPS2Z63,655363,CA,2017
593C3GZG957YOJPS2Z63,879077,CA,2017
593C3GZG957YOJPS2Z63,1130278,CA,2017
593C3GZG957YOJPS2Z63,153251,CA,2017
593C3GZG957YOJPS2Z63,957314,CA,2017
593C3GZG957YOJPS2Z63,647705,CA,2017
593C3GZG957YOJPS2Z63,1638492,CA,2017
593C3GZG957YOJPS2Z63,1424449,CA,2017
593C3GZG957YOJPS2Z63,1303484,CA,2017
593C3GZG957YOJPS2Z63,680420,CA,2017
593C3GZG957YOJPS2Z63,693946,CA,2017
593C3GZG957YOJPS2Z63,952704,CA,2017
593C3GZG957YOJPS2Z63,1830808,CA,2017
593C3GZG957YOJPS2Z63,1513485,CA,2017
593C3GZG957YOJPS2Z63,708179,CA,2017
593C3GZG957YOJPS2Z63,1815401,CA,2017
593C3GZG957YOJPS2Z63,179285,CA,2017
593C3GZG957YOJPS2Z63,468837,CA,2017
593C3GZG957YOJPS2Z63,866881,CA,2017
593C3GZG957YOJPS2Z63,855335,CA,2017
593C3GZG957YOJPS2Z63,618781,CA,2017
593C3GZG957YOJPS2Z63,1444094,CA,2017
593C3GZG957YOJPS2Z63,511720,CA,2017
593C3GZG957YOJPS2Z63,1456022,CA,2017
593C3GZG957YOJPS2Z63,1532404,CA,2017
593C3GZG957YOJPS2Z63,289575,CA,2017
593C3GZG957YOJPS2Z63,1002851,CA,2017
593C3GZG957YOJPS2Z63,377979,CA,2017
593C3GZG957YOJPS2Z63,1987555,CA,2017
593C3GZG957YOJPS2Z63,990982,CA,2017
593C3GZG957YOJPS2Z63,1697268,CA,2017
593C3GZG957YOJPS2Z63,1044455,CA,2017
593C3GZG957YOJPS2Z63,321779,CA,2017
593C3GZG957YOJPS2Z63,1710975,CA,2017
593C3GZG957YOJPS2Z63,561056,CA,2017
593C3GZG957YOJPS2Z63,374053,CA,2017
593C3GZG957YOJPS2Z63,988155,CA,2017
593C3GZG957YOJPS2Z63,723723,CA,2017
593C3GZG957YOJPS2Z63,721470,CA,2017
593C3GZG957YOJPS2Z63,1293929,CA,2017
593C3GZG957YOJPS2Z63,249459,CA,2017
593C3GZG957YOJPS2Z63,947367,CA,2017
593C3GZG957YOJPS2Z63,1864501,CA,2017
593C3GZG957YOJPS2Z63,1650309,CA,2017
593C3GZG957YOJPS2Z63,1162280,CA,2017
593C3GZG957YOJPS2Z63,806219,CA,2017
593C3GZG957YOJPS2Z63,1289422,CA,2017
593C3GZG957YOJPS2Z63,1746592,CA,2017
593C3GZG957YOJPS2Z63,1745928,CA,2017
593C3GZG957YOJPS2Z63,1640787,CA,2017
593C3GZG957YOJPS2Z63,867526,CA,2017
593C3GZG957YOJPS2Z63,1538809,CA,2017
593C3GZG957YOJPS2Z63,512147,CA,2017
593C3GZG957YOJPS2Z63,1372546,CA,2017
593C3GZG957YOJPS2Z63,1216795,CA,2017
593C3GZG957YOJPS2Z63,1304567,CA,2017
593C3GZG957YOJPS2Z63,1753856,CA,2017
593C3GZG957YOJPS2Z63,827891,CA,2017
593C3GZG957YOJPS2Z63,653242,CA,2017
593C3GZG957YOJPS2Z63,1794414,CA,2017
593C3GZG957YOJPS2Z63,171712,CA,2017
593C3GZG957YOJPS2Z63,1319014,CA,2017
593C3GZG957YOJPS2Z63,368129,CA,2017
593C3GZG957YOJPS2Z63,923724,CA,2017
593C3GZG957YOJPS2Z63,985563,CA,2017
593C3GZG957YOJPS2Z63,1073490,CA,2017
593C3GZG957YOJPS2Z63,1290061,CA,2017
593C3GZG957YOJPS2Z63,1179017,CA,2017
593C3GZG957YOJPS2Z63,955172,CA,2017
593C3GZG957YOJPS2Z63,291929,CA,2017
593C3GZG957YOJPS2Z63,1279741,CA,2017
593C3GZG957YOJPS2Z63,1131515,CA,2017
593C3GZG957YOJPS2Z63,310321,CA,2017
593C3GZG957YOJPS2Z63,1183811,CA,2017
593C3GZG957YOJPS2Z63,791906,CA,2017
593C3GZG957YOJPS2Z63,105037,CA,2017
593C3GZG957YOJPS2Z63,519001,CA,2017
593C3GZG957YOJPS2Z63,277103,CA,2017
593C3GZG957YOJPS2Z63,1607703,CA,2017
593C3GZG957YOJPS2Z63,968004,CA,2017
593C3GZG957YOJPS2Z63,611849,CA,2017
593C3GZG957YOJPS2Z63,176478,CA,2017
593C3GZG957YOJPS2Z63,853156,CA,2017
593C3GZG957YOJPS2Z63,1427601,CA,2017
593C3GZG957YOJPS2Z63,1598610,CA,2017
593C3GZG957YOJPS2Z63,1682494,CA,2017
593C3GZG957YOJPS2Z63,1768461,CA,2017
593C3GZG957YOJPS2Z63,982519,CA,2017
593C3GZG957YOJPS2Z63,563267,CA,2017
593C3GZG957YOJPS2Z63,467177,CA,2017
593C3GZG957YOJPS2Z63,299898,CA,2017
593C3GZG957YOJPS2Z63,863831,CA,2017
593C3GZG957YOJPS2Z63,527546,CA,2017
593C3GZG957YOJPS2Z63,949270,CA,2017
593C3GZG957YOJPS2Z63,1112758,CA,2017
593C3GZG957YOJPS2Z63,256108,CA,2017
593C3GZG957YOJPS2Z63,459119,CA,2017
593C3GZG957YOJPS2Z63,427010,CA,2017
593C3GZG957YOJPS2Z63,1832186,CA,2017
593C3GZG957YOJPS2Z63,611027,CA,2017
593C3GZG957YOJPS2Z63,459398,CA,2017
593C3GZG957YOJPS2Z63,1920462,CA,2017
593C3GZG957YOJPS2Z63,1951088,CA,2017
593C3GZG957YOJPS2Z63,1017053,CA,2017
593C3GZG957YOJPS2Z63,1469532,CA,2017
593C3GZG957YOJPS2Z63,1991119,CA,2017
593C3GZG957YOJPS2Z63,1277594,CA,2017
593C3GZG957YOJPS2Z63,1654536,CA,2017
593C3GZG957YOJPS2Z63,1743136,CA,2017
593C3GZG957YOJPS2Z63,103466,CA,2017
593C3GZG957YOJPS2Z63,120427,CA,2017
593C3GZG957YOJPS2Z63,876077,CA,2017
593C3GZG957YOJPS2Z63,882663,CA,2017
593C3GZG957YOJPS2Z63,662694,CA,2017
593C3GZG957YOJPS2Z63,140621,CA,2017
593C3GZG957YOJPS2Z63,803733,CA,2017
593C3GZG957YOJPS2Z63,564286,CA,2017
593C3GZG957YOJPS2Z63,1391791,CA,2017
593C3GZG957YOJPS2Z63,933705,CA,2017
593C3GZG957YOJPS2Z63,925510,CA,2017
593C3GZG957YOJPS2Z63,1391573,CA,2017
593C3GZG957YOJPS2Z63,1020491,CA,2017
593C3GZG957YOJPS2Z63,514290,CA,2017
593C3GZG957YOJPS2Z63,390183,CA,2017
593C3GZG957YOJPS2Z63,1086332,CA,2017
593C3GZG957YOJPS2Z63,1842505,CA,2017
593C3GZG957YOJPS2Z63,754146,CA,2017
593C3GZG957YOJPS2Z63,1139474,CA,2017
593C3GZG957YOJPS2Z63,504316,CA,2017
593C3GZG957YOJPS2Z63,272366,CA,2017
593C3GZG957YOJPS2Z63,1108357,CA,2017
593C3GZG957YOJPS2Z63,1043323,CA,2017
593C3GZG957YOJPS2Z63,1419012,CA,2017
593C3GZG957YOJPS2Z63,438141,CA,2017
593C3GZG957YOJPS2Z63,1014610,CA,2017
593C3GZG957YOJPS2Z63,1057948,CA,2017
593C3GZG957YOJPS2Z63,976718,CA,2017
593C3GZG957YOJPS2Z63,583933,CA,2017
593C3GZG957YOJPS2Z63,1746194,CA,2017
593C3GZG957YOJPS2Z63,775489,CA,2017
593C3GZG957YOJPS2Z63,1841580,CA,2017
593C3GZG957YOJPS2Z63,316800,CA,2017
593C3GZG957YOJPS2Z63,535945,CA,2017
593C3GZG957YOJPS2Z63,1583600,CA,2017
593C3GZG957YOJPS2Z63,711784,CA,2017
593C3GZG957YOJPS2Z63,1768083,CA,2017
593C3GZG957YOJPS2Z63,233245,CA,2017
593C3GZG957YOJPS2Z63,1223466,CA,2017
593C3GZG957YOJPS2Z63,842000,CA,2017
593C3GZG957YOJPS2Z63,1024378,CA,2017
593C3GZG957YOJPS2Z63,576315,CA,2017
593C3GZG957YOJPS2Z63,846168,CA,2017
593C3GZG957YOJPS2Z63,713496,CA,2017
593C3GZG957YOJPS2Z63,1734625,CA,2017
593C3GZG957YOJPS2Z63,708704,CA,2017
593C3GZG957YOJPS2Z63,495973,CA,2017
593C3GZG957YOJPS2Z63,505336,CA,2017
593C3GZG957YOJPS2Z63,123842,CA,2017
593C3GZG957YOJPS2Z63,1349231,CA,2017
593C3GZG957YOJPS2Z63,1532252,CA,2017
593C3GZG957YOJPS2Z63,1594254,CA,2017
593C3GZG957YOJPS2Z63,1090885,CA,2017
593C3GZG957YOJPS2Z63,361291,CA,2017
593C3GZG957YOJPS2Z63,1396083,CA,2017
593C3GZG957YOJPS2Z63,274936,CA,2017
593C3GZG957YOJPS2Z63,558310,CA,2017
593C3GZG957YOJPS2Z63,1484084,CA,2017
593C3GZG957YOJPS2Z63,1632806,CA,2017
593C3GZG957YOJPS2Z63,988604,CA,2017
593C3GZG957YOJPS2Z63,776467,CA,2017
593C3GZG957YOJPS2Z63,1645094,CA,2017
593C3GZG957YOJPS2Z63,1808866,CA,2017
593C3GZG957YOJPS2Z63,1730172,CA,2017
593C3GZG957YOJPS2Z63,464134,CA,2017
593C3GZG957YOJPS2Z63,1894917,CA,2017
593C3GZG957YOJPS2Z63,971803,CA,2017
593C3GZG957YOJPS2Z63,775525,CA,2017
593C3GZG957YOJPS2Z63,1125353,CA,2017
593C3GZG957YOJPS2Z63,416086,CA,2017
593C3GZG957YOJPS2Z63,1223149,CA,2017
593C3GZG957YOJPS2Z63,499253,CA,2017
593C3GZG957YOJPS2Z63,941211,CA,2017
593C3GZG957YOJPS2Z63,1173823,CA,2017
593C3GZG957YOJPS2Z63,1463537,CA,2017
593C3GZG957YOJPS2Z63,1397443,CA,2017
593C3GZG957YOJPS2Z63,1173389,CA,2017
593C3GZG957YOJPS2Z63,934803,CA,2017
593C3GZG957YOJPS2Z63,1458074,CA,2017
593C3GZG957YOJPS2Z63,196648,CA,2017
593C3GZG957YOJPS2Z63,680350,CA,2017
593C3GZG957YOJPS2Z63,1387449,CA,2017
593C3GZG957YOJPS2Z63,575157,CA,2017
593C3GZG957YOJPS2Z63,1171533,CA,2017
593C3GZG957YOJPS2Z63,1657733,CA,2017
593C3GZG957YOJPS2Z63,138870,CA,2017
593C3GZG957YOJPS2Z63,1632304,CA,2017
593C3GZG957YOJPS2Z63,486030,CA,2017
593C3GZG957YOJPS2Z63,1741591,CA,2017
593C3GZG957YOJPS2Z63,404805,CA,2017
593C3GZG957YOJPS2Z63,1713695,CA,2017
593C3GZG957YOJPS2Z63,752673,CA,2017
593C3GZG957YOJPS2Z63,1932325,CA,2017
593C3GZG957YOJPS2Z63,1658214,CA,2017
593C3GZG957YOJPS2Z63,1187884,CA,2017
593C3GZG957YOJPS2Z63,234490,CA,2017
593C3GZG957YOJPS2Z63,436458,CA,2017
593C3GZG957YOJPS2Z63,1442459,CA,2017
593C3GZG957YOJPS2Z63,678486,CA,2017
593C3GZG957YOJPS2Z63,991982,CA,2017
593C3GZG957YOJPS2Z63,1797352,CA,2017
593C3GZG957YOJPS2Z63,1638247,CA,2017
593C3GZG957YOJPS2Z63,709413,CA,2017
593C3GZG957YOJPS2Z63,1524943,CA,2017
593C3GZG957YOJPS2Z63,620891,CA,2017
593C3GZG957YOJPS2Z63,1039178,CA,2017
593C3GZG957YOJPS2Z63,1923171,CA,2017
593C3GZG957YOJPS2Z63,1220394,CA,2017
593C3GZG957YOJPS2Z63,612754,CA,2017
593C3GZG957YOJPS2Z63,101337,CA,2017
593C3GZG957YOJPS2Z63,529531,CA,2017
593C3GZG957YOJPS2Z63,1948665,CA,2017
593C3GZG957YOJPS2Z63,1361955,CA,2017
593C3GZG957YOJPS2Z63,236317,CA,2017
593C3GZG957YOJPS2Z63,1962350,CA,2017
593C3GZG957YOJPS2Z63,1414642,CA,2017
593C3GZG957YOJPS2Z63,1674085,CA,2017
593C3GZG957YOJPS2Z63,933210,CA,2017
593C3GZG957YOJPS2Z63,757284,CA,2017
593C3GZG957YOJPS2Z63,287409,CA,2017
593C3GZG957YOJPS2Z63,1681765,CA,2017
593C3GZG957YOJPS2Z63,796767,CA,2017
593C3GZG957YOJPS2Z63,411646,CA,2017
593C3GZG957YOJPS2Z63,567608,CA,2017
593C3GZG957YOJPS2Z63,1824035,CA,2017
593C3GZG957YOJPS2Z63,980965,CA,2017
593C3GZG957YOJPS2Z63,1615944,CA,2017
593C3GZG957YOJPS2Z63,1709892,CA,2017
593C3GZG957YOJPS2Z63,1271002,CA,2017
593C3GZG957YOJPS2Z63,207697,CA,2017
593C3GZG957YOJPS2Z63,1807447,CA,2017
593C3GZG957YOJPS2Z63,700728,CA,2017
593C3GZG957YOJPS2Z63,1870145,CA,2017
593C3GZG957YOJPS2Z63,1052210,CA,2017
593C3GZG957YOJPS2Z63,1664513,CA,2017
593C3GZG957YOJPS2Z63,800878,CA,2017
593C3GZG957YOJPS2Z63,518545,CA,2017
593C3GZG957YOJPS2Z63,828199,CA,2017
593C3GZG957YOJPS2Z63,1440139,CA,2017
593C3GZG957YOJPS2Z63,1537742,CA,2017
593C3GZG957YOJPS2Z63,1803408,CA,2017
593C3GZG957YOJPS2Z63,1114772,CA,2017
593C3GZG957YOJPS2Z63,1978655,CA,2017
593C3GZG957YOJPS2Z63,1180225,CA,2017
593C3GZG957YOJPS2Z63,1255409,CA,2017
593C3GZG957YOJPS2Z63,1858365,CA,2017
593C3GZG957YOJPS2Z63,193708,CA,2017
593C3GZG957YOJPS2Z63,947478,CA,2017
593C3GZG957YOJPS2Z63,1453518,CA,2017
593C3GZG957YOJPS2Z63,1177536,CA,2017
593C3GZG957YOJPS2Z63,1058242,CA,2017
593C3GZG957YOJPS2Z63,1132307,CA,2017
593C3GZG957YOJPS2Z63,302327,CA,2017
593C3GZG957YOJPS2Z63,1700124,CA,2017
593C3GZG957YOJPS2Z63,1243193,CA,2017
593C3GZG957YOJPS2Z63,110738,CA,2017
593C3GZG957YOJPS2Z63,747019,CA,2017
593C3GZG957YOJPS2Z63,1049812,CA,2017
593C3GZG957YOJPS2Z63,1271433,CA,2017
593C3GZG957YOJPS2Z63,899342,CA,2017
593C3GZG957YOJPS2Z63,1187040,CA,2017
593C3GZG957YOJPS2Z63,1938412,CA,2017
593C3GZG957YOJPS2Z63,161302,CA,2017
593C3GZG957YOJPS2Z63,635113,CA,2017
593C3GZG957YOJPS2Z63,217508,CA,2017
593C3GZG957YOJPS2Z63,413095,CA,2017
593C3GZG957YOJPS2Z63,1577251,CA,2017
593C3GZG957YOJPS2Z63,1256144,CA,2017
593C3GZG957YOJPS2Z63,1045228,CA,2017
593C3GZG957YOJPS2Z63,1482693,CA,2017
593C3GZG957YOJPS2Z63,1423124,CA,2017
593C3GZG957YOJPS2Z63,1977485,CA,2017
593C3GZG957YOJPS2Z63,568528,CA,2017
593C3GZG957YOJPS2Z63,1974029,CA,2017
593C3GZG957YOJPS2Z63,896626,CA,2017
593C3GZG957YOJPS2Z63,962387,CA,2017
593C3GZG957YOJPS2Z63,1585361,CA,2017
593C3GZG957YOJPS2Z63,996071,CA,2017
593C3GZG957YOJPS2Z63,869882,CA,2017
593C3GZG957YOJPS2Z63,537681,CA,2017
593C3GZG957YOJPS2Z63,579214,CA,2017
593C3GZG957YOJPS2Z63,1252285,CA,2017
593C3GZG957YOJPS2Z63,743587,CA,2017
593C3GZG957YOJPS2Z63,1287914,CA,2017
593C3GZG957YOJPS2Z63,984308,CA,2017
593C3GZG957YOJPS2Z63,1630346,CA,2017
593C3GZG957YOJPS2Z63,1782753,CA,2017
593C3GZG957YOJPS2Z63,925207,CA,2017
593C3GZG957YOJPS2Z63,169140,CA,2017
593C3GZG957YOJPS2Z63,1217392,CA,2017
593C3GZG957YOJPS2Z63,1809098,CA,2017
593C3GZG957YOJPS2Z63,793746,CA,2017
593C3GZG957YOJPS2Z63,476860,CA,2017
593C3GZG957YOJPS2Z63,396346,CA,2017
593C3GZG957YOJPS2Z63,1905143,CA,2017
593C3GZG957YOJPS2Z63,1446740,CA,2017
593C3GZG957YOJPS2Z63,237520,CA,2017
593C3GZG957YOJPS2Z63,147042,CA,2017
593C3GZG957YOJPS2Z63,1174790,CA,2017
593C3GZG957YOJPS2Z63,125353,CA,2017
593C3GZG957YOJPS2Z63,1287074,CA,2017
593C3GZG957YOJPS2Z63,1946644,CA,2017
593C3GZG957YOJPS2Z63,1802764,CA,2017
593C3GZG957YOJPS2Z63,589193,CA,2017
593C3GZG957YOJPS2Z63,1915385,CA,2017
593C3GZG957YOJPS2Z63,1370645,CA,2017
593C3GZG957YOJPS2Z63,1673476,CA,2017
593C3GZG957YOJPS2Z63,825082,CA,2017
593C3GZG957YOJPS2Z63,191204,CA,2017
593C3GZG957YOJPS2Z63,1206537,CA,2017
593C3GZG957YOJPS2Z63,142506,CA,2017
593C3GZG957YOJPS2Z63,448172,CA,2017
593C3GZG957YOJPS2Z63,1858824,CA,2017
593C3GZG957YOJPS2Z63,274305,CA,2017
593C3GZG957YOJPS2Z63,1962053,CA,2017
593C3GZG957YOJPS2Z63,1824583,CA,2017
593C3GZG957YOJPS2Z63,1288768,CA,2017
593C3GZG957YOJPS2Z63,945178,CA,2017
593C3GZG957YOJPS2Z63,1485370,CA,2017
593C3GZG957YOJPS2Z63,1476355,CA,2017
593C3GZG957YOJPS2Z63,811897,CA,2017
593C3GZG957YOJPS2Z63,823250,CA,2017
593C3GZG957YOJPS2Z63,356344,CA,2017
593C3GZG957YOJPS2Z63,1672050,CA,2017
593C3GZG957YOJPS2Z63,1596852,CA,2017
593C3GZG957YOJPS2Z63,1587582,CA,2017
593C3GZG957YOJPS2Z63,558396,CA,2017
593C3GZG957YOJPS2Z63,1674472,CA,2017
593C3GZG957YOJPS2Z63,1596338,CA,2017
593C3GZG957YOJPS2Z63,130105,CA,2017
593C3GZG957YOJPS2Z63,584248,CA,2017
593C3GZG957YOJPS2Z63,1483975,CA,2017
593C3GZG957YOJPS2Z63,1946506,CA,2017
593C3GZG957YOJPS2Z63,1525692,CA,2017
593C3GZG957YOJPS2Z63,392504,CA,2017
593C3GZG957YOJPS2Z63,767282,CA,2017
593C3GZG957YOJPS2Z63,558435,CA,2017
593C3GZG957YOJPS2Z63,737100,CA,2017
593C3GZG957YOJPS2Z63,148851,CA,2017
593C3GZG957YOJPS2Z63,1994701,CA,2017
593C3GZG957YOJPS2Z63,1520086,CA,2017
593C3GZG957YOJPS2Z63,1492640,CA,2017
593C3GZG957YOJPS2Z63,159530,CA,2017
593C3GZG957YOJPS2Z63,612707,CA,2017
593C3GZG957YOJPS2Z63,1605158,CA,2017
593C3GZG957YOJPS2Z63,597371,CA,2017
593C3GZG957YOJPS2Z63,1064451,CA,2017
593C3GZG957YOJPS2Z63,1585241,CA,2017
593C3GZG957YOJPS2Z63,1537638,CA,2017
593C3GZG957YOJPS2Z63,414259,CA,2017
593C3GZG957YOJPS2Z63,682818,CA,2017
593C3GZG957YOJPS2Z63,1150674,CA,2017
593C3GZG957YOJPS2Z63,1523602,CA,2017
593C3GZG957YOJPS2Z63,1710598,CA,2017
593C3GZG957YOJPS2Z63,1609396,CA,2017
593C3GZG957YOJPS2Z63,565579,CA,2017
593C3GZG957YOJPS2Z63,1554710,CA,2017
593C3GZG957YOJPS2Z63,1404704,CA,2017
593C3GZG957YOJPS2Z63,1449092,CA,2017
593C3GZG957YOJPS2Z63,1695757,CA,2017
593C3GZG957YOJPS2Z63,440073,CA,2017
593C3GZG957YOJPS2Z63,1320290,CA,2017
593C3GZG957YOJPS2Z63,1533825,CA,2017
593C3GZG957YOJPS2Z63,1631532,CA,2017
593C3GZG957YOJPS2Z63,1772975,CA,2017
593C3GZG957YOJPS2Z63,1626902,CA,2017
593C3GZG957YOJPS2Z63,192311,CA,2017
593C3GZG957YOJPS2Z63,1510956,CA,2017
593C3GZG957YOJPS2Z63,1054245,CA,2017
593C3GZG957YOJPS2Z63,1049286,CA,2017
593C3GZG957YOJPS2Z63,1471905,CA,2017
593C3GZG957YOJPS2Z63,1585830,CA,2017
593C3GZG957YOJPS2Z63,1350566,CA,2017
593C3GZG957YOJPS2Z63,1714438,CA,2017
593C3GZG957YOJPS2Z63,1504838,CA,2017
593C3GZG957YOJPS2Z63,407531,CA,2017
593C3GZG957YOJPS2Z63,1211410,CA,2017
593C3GZG957YOJPS2Z63,617461,CA,2017
593C3GZG957YOJPS2Z63,586782,CA,2017
593C3GZG957YOJPS2Z63,1232914,CA,2017
593C3GZG957YOJPS2Z63,1115603,CA,2017
593C3GZG957YOJPS2Z63,1438626,CA,2017
593C3GZG957YOJPS2Z63,697324,CA,2017
593C3GZG957YOJPS2Z63,1251645,CA,2017
593C3GZG957YOJPS2Z63,875689,CA,2017
593C3GZG957YOJPS2Z63,1419539,CA,2017
593C3GZG957YOJPS2Z63,1763944,CA,2017
593C3GZG957YOJPS2Z63,1021989,CA,2017
593C3GZG957YOJPS2Z63,1499412,CA,2017
593C3GZG957YOJPS2Z63,1861461,CA,2017
593C3GZG957YOJPS2Z63,790411,CA,2017
593C3GZG957YOJPS2Z63,1005409,CA,2017
593C3GZG957YOJPS2Z63,1213899,CA,2017
593C3GZG957YOJPS2Z63,590063,CA,2017
593C3GZG957YOJPS2Z63,1290974,CA,2017
593C3GZG957YOJPS2Z63,1368300,CA,2017
593C3GZG957YOJPS2Z63,1066776,CA,2017
593C3GZG957YOJPS2Z63,147449,CA,2017
593C3GZG957YOJPS2Z63,452781,CA,2017
593C3GZG957YOJPS2Z63,214910,CA,2017
593C3GZG957YOJPS2Z63,660732,CA,2017
593C3GZG957YOJPS2Z63,939916,CA,2017
593C3GZG957YOJPS2Z63,1224457,CA,2017
593C3GZG957YOJPS2Z63,242549,CA,2017
593C3GZG957YOJPS2Z63,1062054,CA,2017
593C3GZG957YOJPS2Z63,1259780,CA,2017
593C3GZG957YOJPS2Z63,1365200,CA,2017
593C3GZG957YOJPS2Z63,1830088,CA,2017
593C3GZG957YOJPS2Z63,1649210,CA,2017
593C3GZG957YOJPS2Z63,1483582,CA,2017
593C3GZG957YOJPS2Z63,1680421,CA,2017
593C3GZG957YOJPS2Z63,1130287,CA,2017
593C3GZG957YOJPS2Z63,1260127,CA,2017
593C3GZG957YOJPS2Z63,1356933,CA,2017
593C3GZG957YOJPS2Z63,930501,CA,2017
593C3GZG957YOJPS2Z63,1115355,CA,2017
593C3GZG957YOJPS2Z63,967953,CA,2017
593C3GZG957YOJPS2Z63,243455,CA,2017
593C3GZG957YOJPS2Z63,278528,CA,2017
593C3GZG957YOJPS2Z63,790672,CA,2017
593C3GZG957YOJPS2Z63,1351616,CA,2017
593C3GZG957YOJPS2Z63,1443550,CA,2017
593C3GZG957YOJPS2Z63,520234,CA,2017
